{
  "id": "galaxy-grill",
  "title": "Gus's Galaxy Grill",
  "description": "Welcome to Gus's Galaxy Grill! Where the Space Special looks a little familiar... ",
  "authors": [
    {
    "name": "nfoxsc"
    }
    ],
  "version": "1.1.0",
  "compatibility": {
    "minimum": "10",
    "verified": "10"
  },
  "packs": [],
  "relationships": {
    "systems": [{ "id": "alienrpg" }]
  },
  "manifest": "https://raw.githubusercontent.com/nfoxsc/fvtt-alien-character-generator/main/dev_files/broken_module_do_not_use/galaxy-grill/module.json",
  "download": "https://raw.githubusercontent.com/nfoxsc/fvtt-alien-character-generator/main/dev_files/broken_module_do_not_use/galaxy-grill/galaxy-grill.zip",
  "esmodules": ["scripts/main.js"]
}
